user_id,gender,birthdate,registered_at
581,male,2004-06-13,2023-08-01 09:39:30
582,male,1973-08-12,2023-08-01 09:41:03
583,female,2000-03-28,2023-08-01 10:02:06
584,female,1989-04-29,2023-08-01 10:09:32
585,female,1992-09-23,2023-08-01 11:02:18
586,male,1974-09-06,2023-08-01 11:13:46
587,female,2002-08-21,2023-08-01 11:53:48
588,male,2000-10-24,2023-08-01 11:54:36
589,female,1990-06-20,2023-08-01 12:12:11
590,female,1988-02-09,2023-08-01 12:30:50
591,male,1973-08-26,2023-08-01 12:57:41
592,male,1995-07-04,2023-08-01 13:09:27
593,female,1975-05-18,2023-08-01 13:16:35
594,female,2003-07-12,2023-08-01 14:05:16
595,male,1995-12-28,2023-08-01 14:28:09
596,female,1983-02-23,2023-08-01 14:44:32
597,male,1970-12-28,2023-08-01 15:52:41
598,male,1999-03-12,2023-08-01 16:44:02
599,female,1978-08-02,2023-08-01 17:00:56
600,male,1995-08-21,2023-08-01 17:24:35
601,female,1990-02-06,2023-08-01 19:33:16
602,male,1997-07-16,2023-08-02 07:48:41
603,female,1972-09-07,2023-08-02 08:33:31
604,female,1989-04-14,2023-08-02 09:27:38
605,female,1969-07-06,2023-08-02 10:05:50
606,female,1995-06-11,2023-08-02 11:25:36
607,male,1991-06-27,2023-08-02 11:33:34
608,male,1966-08-22,2023-08-02 11:35:27
609,male,2005-09-10,2023-08-02 12:38:05
610,female,1985-10-18,2023-08-02 12:40:54
611,female,1977-08-20,2023-08-02 13:18:06
612,female,2005-02-27,2023-08-02 13:26:06
613,male,1978-03-18,2023-08-02 13:32:38
614,male,1976-11-17,2023-08-02 13:36:58
615,female,1982-03-22,2023-08-02 14:11:52
616,male,1988-10-11,2023-08-02 14:37:47
617,female,2007-11-23,2023-08-02 15:08:04
618,female,1985-06-29,2023-08-02 15:48:06
619,male,1992-07-14,2023-08-02 15:50:06
620,female,1995-10-09,2023-08-02 15:52:02
621,female,1995-11-20,2023-08-02 15:53:10
622,female,1968-12-30,2023-08-02 16:49:46
623,female,1999-08-18,2023-08-02 17:02:07
624,male,1993-01-17,2023-08-02 17:47:05
625,female,1998-10-20,2023-08-03 07:40:23
626,female,1971-09-24,2023-08-03 08:24:47
627,female,1989-09-03,2023-08-03 09:24:22
628,male,1983-06-24,2023-08-03 09:28:30
629,female,2000-06-17,2023-08-03 09:30:15
630,male,2001-04-13,2023-08-03 10:02:51
631,male,1978-10-25,2023-08-03 10:54:50
632,male,1982-04-03,2023-08-03 10:55:18
633,female,1993-11-29,2023-08-03 10:57:35
634,female,1982-04-06,2023-08-03 11:03:25
635,male,2004-10-02,2023-08-03 11:42:35
636,male,2001-03-10,2023-08-03 11:55:18
637,male,2006-04-13,2023-08-03 12:13:14
638,male,1994-03-19,2023-08-03 12:20:35
639,male,1967-07-24,2023-08-03 12:27:10
640,male,1978-04-12,2023-08-03 12:48:31
641,female,1978-06-18,2023-08-03 12:58:11
642,male,1993-02-08,2023-08-03 13:22:24
643,female,1987-04-08,2023-08-03 13:51:58
644,male,1986-03-17,2023-08-03 14:32:41
645,male,1975-04-06,2023-08-03 14:37:22
646,male,1980-02-19,2023-08-03 14:39:37
647,female,1975-09-18,2023-08-03 14:54:22
648,male,1978-09-06,2023-08-04 07:33:41
649,female,1983-01-18,2023-08-04 08:26:49
650,male,2008-12-01,2023-08-04 09:11:08
651,male,1980-01-31,2023-08-04 10:00:02
652,male,1991-01-16,2023-08-04 10:06:09
653,male,1993-03-09,2023-08-04 10:10:21
654,female,2003-08-26,2023-08-04 10:47:50
655,female,1999-02-26,2023-08-04 11:04:27
656,male,1994-09-26,2023-08-04 11:19:25
657,female,1983-03-25,2023-08-04 11:58:10
658,female,1990-11-19,2023-08-04 12:00:29
659,female,1978-02-27,2023-08-04 12:22:11
660,female,1988-04-29,2023-08-04 12:42:21
661,male,1968-01-15,2023-08-04 12:47:12
662,female,1995-06-03,2023-08-04 12:52:38
663,female,1987-11-22,2023-08-04 13:00:05
664,male,1987-05-07,2023-08-04 13:04:49
665,male,2003-05-23,2023-08-04 13:17:16
666,female,1989-10-17,2023-08-04 13:22:28
667,female,1993-05-28,2023-08-04 13:36:30
668,male,1985-12-15,2023-08-04 13:44:54
669,female,2005-06-03,2023-08-04 13:52:48
670,female,1996-06-02,2023-08-04 14:11:07
671,male,1989-03-29,2023-08-04 14:26:55
672,male,1981-01-20,2023-08-04 14:42:48
673,male,2003-05-31,2023-08-04 14:43:39
674,male,2000-05-02,2023-08-04 16:06:43
675,male,2004-11-09,2023-08-04 16:18:52
676,male,1979-10-24,2023-08-04 16:31:18
677,female,1969-03-27,2023-08-05 09:47:28
678,male,2007-05-23,2023-08-05 10:26:47
679,male,1978-08-09,2023-08-05 10:51:16
680,male,1997-05-23,2023-08-05 10:51:37
681,female,1994-07-02,2023-08-05 10:57:57
682,male,1967-05-25,2023-08-05 11:06:30
683,male,2004-08-15,2023-08-05 11:14:26
684,female,1999-01-30,2023-08-05 12:12:01
685,male,1970-03-30,2023-08-05 12:15:11
686,male,2000-04-18,2023-08-05 13:16:55
687,male,1982-08-07,2023-08-05 13:17:49
688,male,1989-02-10,2023-08-05 13:29:16
689,female,1974-07-01,2023-08-05 13:33:39
690,female,1992-07-31,2023-08-05 14:05:33
691,female,1968-09-24,2023-08-05 14:52:02
692,male,1973-05-22,2023-08-05 14:57:56
693,male,1997-02-26,2023-08-05 16:14:32
694,male,1984-02-26,2023-08-05 17:08:57
695,male,1965-07-01,2023-08-06 07:24:40
696,male,1991-01-25,2023-08-06 08:27:05
697,male,2003-08-22,2023-08-06 08:38:01
698,male,1977-04-24,2023-08-06 08:42:29
699,female,1980-09-24,2023-08-06 08:45:25
700,male,1990-07-14,2023-08-06 09:09:20
701,female,1991-10-13,2023-08-06 09:17:37
702,female,1986-06-11,2023-08-06 09:17:57
703,female,1992-07-22,2023-08-06 09:41:06
704,female,2000-01-14,2023-08-06 10:10:06
705,female,2002-03-29,2023-08-06 10:42:08
706,female,1970-05-02,2023-08-06 10:48:20
707,female,1990-02-01,2023-08-06 10:59:28
708,male,1981-12-03,2023-08-06 11:18:01
709,male,1994-10-16,2023-08-06 11:22:33
710,female,1970-01-27,2023-08-06 11:32:04
711,female,1971-02-24,2023-08-06 11:50:12
712,female,2007-03-21,2023-08-06 11:53:48
713,female,1983-12-29,2023-08-06 12:28:31
714,male,1967-05-05,2023-08-06 12:35:26
715,male,2001-09-11,2023-08-06 12:36:14
716,female,2003-02-10,2023-08-06 13:01:44
717,male,1998-08-17,2023-08-06 13:03:46
718,male,1971-12-19,2023-08-06 13:34:13
719,male,1999-06-29,2023-08-06 14:19:43
720,female,1972-12-26,2023-08-06 14:21:37
721,female,2004-06-07,2023-08-06 14:22:20
722,male,2005-02-06,2023-08-06 14:41:30
723,male,1988-05-22,2023-08-06 14:51:32
724,male,1999-01-30,2023-08-06 14:56:54
725,female,1968-03-20,2023-08-06 14:57:21
726,female,1998-08-13,2023-08-06 15:13:21
727,male,2005-05-29,2023-08-06 15:42:45
728,male,1985-02-16,2023-08-06 17:06:21
729,female,2002-03-24,2023-08-07 08:56:43
730,female,1988-09-21,2023-08-07 09:26:10
731,male,1972-06-07,2023-08-07 10:25:25
732,female,1977-10-15,2023-08-07 10:28:25
733,male,1980-04-06,2023-08-07 10:40:02
734,male,2007-10-11,2023-08-07 11:10:31
735,male,1967-01-19,2023-08-07 11:14:01
736,male,1991-05-23,2023-08-07 11:24:38
737,male,1994-10-09,2023-08-07 11:34:45
738,male,1969-01-05,2023-08-07 11:37:24
739,male,1989-12-08,2023-08-07 11:49:10
740,female,1986-10-15,2023-08-07 12:18:17
741,female,1996-09-30,2023-08-07 12:23:44
742,female,1996-02-04,2023-08-07 13:04:57
743,male,2003-01-02,2023-08-07 13:05:58
744,female,1990-09-19,2023-08-07 13:22:26
745,male,1985-11-03,2023-08-07 13:44:16
746,male,2008-06-07,2023-08-07 13:56:41
747,female,2005-07-03,2023-08-07 15:05:24
748,female,2006-06-05,2023-08-07 15:26:51
749,male,1971-08-09,2023-08-07 15:33:41
750,male,1964-07-28,2023-08-07 15:47:06
751,male,2001-04-12,2023-08-07 16:49:31
752,male,1987-07-09,2023-08-07 17:26:26
753,female,1983-01-30,2023-08-08 09:46:52
754,male,1986-10-04,2023-08-08 10:09:28
755,female,1977-12-30,2023-08-08 10:24:39
756,female,1968-01-30,2023-08-08 10:50:15
757,female,1977-08-28,2023-08-08 10:57:32
758,female,1968-05-23,2023-08-08 11:00:28
759,male,1998-09-22,2023-08-08 12:04:00
760,male,1996-04-14,2023-08-08 12:06:41
761,male,1965-03-23,2023-08-08 12:16:03
762,male,1964-10-03,2023-08-08 12:26:18
763,male,1998-02-17,2023-08-08 12:58:59
764,male,1994-04-08,2023-08-08 13:03:34
765,female,1987-02-05,2023-08-08 13:11:44
766,female,2007-04-21,2023-08-08 13:49:49
767,female,1978-10-21,2023-08-08 13:55:01
768,female,1998-07-10,2023-08-08 14:16:22
769,female,2005-12-14,2023-08-08 14:20:51
770,female,1993-07-29,2023-08-08 14:23:34
771,male,2006-09-07,2023-08-08 14:43:17
772,male,1999-11-29,2023-08-08 15:08:46
773,female,1971-08-21,2023-08-08 15:18:22
774,male,2005-11-16,2023-08-08 15:38:44
775,female,1980-10-03,2023-08-08 15:40:04
776,female,1988-02-03,2023-08-08 15:42:29
777,female,1979-08-07,2023-08-08 16:41:00
778,female,1993-08-29,2023-08-09 08:24:45
779,male,1972-03-05,2023-08-09 09:56:30
780,male,1989-06-22,2023-08-09 10:17:43
781,female,1973-09-15,2023-08-09 10:23:31
782,female,1991-09-30,2023-08-09 10:39:46
783,male,1987-03-17,2023-08-09 10:47:00
784,female,2008-12-15,2023-08-09 11:01:37
785,male,1986-05-15,2023-08-09 11:03:55
786,female,2002-12-05,2023-08-09 11:11:57
787,female,2007-12-06,2023-08-09 11:44:29
788,male,1988-04-23,2023-08-09 12:14:12
789,male,1989-12-13,2023-08-09 12:26:37
790,female,1997-08-20,2023-08-09 12:40:41
791,female,1985-10-08,2023-08-09 12:46:26
792,female,1979-03-10,2023-08-09 13:02:17
793,female,1964-11-04,2023-08-09 13:20:28
794,male,1982-12-19,2023-08-09 13:21:50
795,male,1984-03-18,2023-08-09 13:31:36
796,female,1985-05-02,2023-08-09 13:33:48
797,female,2009-02-20,2023-08-09 13:55:54
798,male,2008-06-29,2023-08-09 14:42:15
799,male,2004-04-03,2023-08-09 14:59:01
800,male,2000-08-08,2023-08-09 15:05:53
801,male,1984-05-12,2023-08-09 15:15:59
802,female,2005-10-17,2023-08-09 16:06:03
803,male,1999-09-23,2023-08-09 16:21:15
804,male,1990-05-14,2023-08-09 16:58:15
805,female,1996-11-29,2023-08-10 09:40:09
806,female,1976-09-26,2023-08-10 10:04:09
807,male,1985-05-21,2023-08-10 10:24:44
808,female,1997-07-31,2023-08-10 10:35:11
809,male,1981-07-01,2023-08-10 10:55:43
810,female,1972-02-10,2023-08-10 11:25:38
811,male,1975-01-26,2023-08-10 11:27:42
812,female,1987-05-27,2023-08-10 11:34:41
813,male,1978-12-09,2023-08-10 11:35:05
814,male,2003-03-05,2023-08-10 11:43:55
815,female,1991-06-25,2023-08-10 12:00:24
816,male,1979-06-16,2023-08-10 12:01:38
817,female,2006-10-05,2023-08-10 12:12:55
818,female,2001-12-03,2023-08-10 12:13:42
819,male,2006-04-18,2023-08-10 12:14:10
820,female,1965-11-13,2023-08-10 12:43:41
821,male,1972-08-19,2023-08-10 12:46:30
822,male,1966-05-22,2023-08-10 13:04:21
823,male,1968-09-06,2023-08-10 13:43:09
824,male,1988-09-01,2023-08-10 13:49:16
825,female,1969-10-15,2023-08-10 14:29:00
826,female,2004-09-16,2023-08-10 14:39:07
827,male,1979-04-30,2023-08-10 14:41:01
828,female,2000-10-26,2023-08-10 14:45:28
829,female,2003-02-19,2023-08-10 17:15:39
830,male,1977-02-26,2023-08-10 19:30:58
831,male,1996-05-02,2023-08-11 07:29:20
832,female,1995-06-29,2023-08-11 09:02:43
833,female,1992-06-05,2023-08-11 09:24:40
834,male,1965-08-21,2023-08-11 09:30:58
835,male,2000-10-03,2023-08-11 09:50:35
836,male,1972-09-04,2023-08-11 10:02:56
837,male,1998-10-08,2023-08-11 10:03:50
838,female,1978-11-12,2023-08-11 10:53:21
839,male,1997-05-09,2023-08-11 11:02:59
840,male,1989-02-02,2023-08-11 11:30:25
841,female,2008-01-30,2023-08-11 11:30:55
842,female,1964-07-25,2023-08-11 11:47:13
843,female,1987-05-22,2023-08-11 12:29:41
844,female,1971-02-15,2023-08-11 12:53:54
845,female,1964-07-30,2023-08-11 12:54:39
846,female,1984-03-23,2023-08-11 13:04:27
847,female,1993-03-04,2023-08-11 13:06:15
848,female,1977-02-06,2023-08-11 13:06:30
849,male,1989-10-25,2023-08-11 13:07:58
850,female,1967-07-29,2023-08-11 13:22:29
851,female,1976-03-28,2023-08-11 13:27:14
852,female,2001-05-09,2023-08-11 13:28:40
853,female,1971-09-10,2023-08-11 13:30:16
854,male,1971-11-25,2023-08-11 13:45:51
855,male,1977-08-08,2023-08-11 13:52:12
856,male,1991-12-11,2023-08-11 14:08:44
857,male,1966-12-07,2023-08-11 14:13:49
858,male,1974-07-05,2023-08-11 14:32:11
859,male,2002-02-21,2023-08-11 14:42:00
860,female,1992-02-14,2023-08-11 15:14:49
861,female,1979-09-02,2023-08-12 08:28:05
862,female,1987-08-31,2023-08-12 08:33:35
863,female,1980-10-30,2023-08-12 09:00:46
864,female,1990-05-29,2023-08-12 09:19:43
865,male,1970-06-29,2023-08-12 09:49:04
866,male,2006-09-09,2023-08-12 09:51:26
867,male,1983-12-23,2023-08-12 09:51:44
868,male,1985-08-26,2023-08-12 10:05:21
869,male,1965-05-13,2023-08-12 10:17:12
870,female,1981-10-03,2023-08-12 10:20:38
871,male,1977-04-03,2023-08-12 11:25:24
872,female,1979-12-27,2023-08-12 11:35:49
873,female,1987-06-05,2023-08-12 11:49:29
874,male,1965-08-18,2023-08-12 11:53:12
875,male,1994-07-16,2023-08-12 12:21:35
876,male,1998-08-18,2023-08-12 12:45:21
877,male,1966-07-28,2023-08-12 12:45:52
878,female,2006-08-14,2023-08-12 13:41:07
879,female,2004-02-03,2023-08-12 13:46:51
880,male,1983-08-27,2023-08-12 13:47:02
881,female,1967-02-05,2023-08-12 14:00:21
882,male,2005-02-28,2023-08-12 14:07:41
883,male,1987-07-04,2023-08-12 14:18:00
884,male,1974-08-23,2023-08-12 14:21:03
885,male,1984-05-09,2023-08-12 14:25:36
886,male,2001-07-01,2023-08-12 14:44:12
887,female,1999-12-23,2023-08-12 14:48:16
888,male,1983-04-15,2023-08-12 15:48:25
889,male,1980-02-18,2023-08-12 16:14:57
890,female,1991-07-09,2023-08-12 16:52:09
891,female,1973-12-25,2023-08-13 07:15:50
892,female,1969-03-21,2023-08-13 07:51:53
893,female,1966-07-10,2023-08-13 09:12:37
894,female,1967-03-09,2023-08-13 09:46:41
895,female,2008-10-30,2023-08-13 09:58:40
896,male,1976-09-28,2023-08-13 11:06:39
897,male,2001-03-11,2023-08-13 11:10:07
898,female,1998-10-07,2023-08-13 11:26:53
899,male,1993-09-16,2023-08-13 11:55:19
900,female,1967-05-09,2023-08-13 11:56:50
901,male,1989-07-29,2023-08-13 12:31:02
902,female,2004-11-09,2023-08-13 12:55:23
903,female,2005-01-07,2023-08-13 13:46:22
904,male,1982-04-13,2023-08-13 14:12:03
905,male,1974-04-28,2023-08-13 14:24:24
906,female,1970-02-20,2023-08-13 14:26:50
907,male,2007-04-08,2023-08-13 14:37:28
908,female,1973-02-08,2023-08-13 15:01:36
909,male,1976-07-22,2023-08-13 15:50:18
910,male,2005-10-24,2023-08-13 15:59:30
911,male,1979-11-14,2023-08-13 16:07:42
912,male,1972-06-26,2023-08-13 16:27:58
913,female,1970-09-14,2023-08-13 16:46:41
914,male,1999-11-12,2023-08-13 16:54:54
915,female,2000-07-25,2023-08-14 07:24:56
916,male,2001-10-27,2023-08-14 09:20:22
917,male,1990-06-13,2023-08-14 09:40:03
918,male,2009-03-23,2023-08-14 09:48:11
919,female,1981-01-15,2023-08-14 10:12:17
920,female,1990-02-26,2023-08-14 10:15:20
921,female,1974-10-29,2023-08-14 10:36:33
922,male,2005-12-03,2023-08-14 11:08:32
923,male,2008-07-10,2023-08-14 11:48:08
924,female,1996-11-30,2023-08-14 11:56:19
925,male,1981-12-31,2023-08-14 12:14:39
926,female,1966-02-02,2023-08-14 12:16:56
927,female,1970-10-04,2023-08-14 12:19:11
928,female,2005-04-19,2023-08-14 12:25:24
929,female,1967-10-28,2023-08-14 12:37:14
930,male,1994-12-02,2023-08-14 12:44:46
931,female,1972-06-13,2023-08-14 12:47:10
932,male,1967-06-24,2023-08-14 12:52:22
933,male,1966-02-04,2023-08-14 12:54:14
934,female,1999-09-07,2023-08-14 13:09:16
935,male,1990-02-05,2023-08-14 13:17:50
936,female,2000-05-14,2023-08-14 13:28:43
937,male,1994-04-30,2023-08-14 14:02:34
938,female,1991-05-08,2023-08-14 14:13:33
939,male,1974-04-24,2023-08-14 14:20:14
940,male,1966-02-06,2023-08-14 14:21:16
941,female,1999-11-02,2023-08-14 14:37:00
942,male,1990-07-25,2023-08-14 14:55:27
943,male,1993-02-12,2023-08-14 15:24:48
944,female,2001-11-02,2023-08-14 15:25:42
945,female,1997-02-20,2023-08-14 15:54:31
946,male,1975-11-26,2023-08-14 16:10:13
947,male,2003-01-02,2023-08-14 16:24:03
948,female,1979-09-15,2023-08-15 07:26:49
949,male,1997-04-07,2023-08-15 09:07:06
950,male,1972-10-06,2023-08-15 09:17:57
951,male,1967-05-30,2023-08-15 09:23:27
952,female,1988-03-09,2023-08-15 09:23:53
953,female,2004-04-08,2023-08-15 09:30:00
954,male,1992-06-01,2023-08-15 09:32:38
955,male,2002-11-16,2023-08-15 09:34:27
956,female,1984-05-13,2023-08-15 09:57:21
957,female,1977-05-05,2023-08-15 10:05:28
958,female,1988-01-04,2023-08-15 10:18:06
959,male,1982-06-03,2023-08-15 10:43:11
960,female,1983-12-11,2023-08-15 10:57:57
961,male,1995-04-30,2023-08-15 10:58:49
962,female,1996-12-15,2023-08-15 11:02:15
963,male,1967-01-16,2023-08-15 11:28:52
964,male,1980-05-25,2023-08-15 12:01:34
965,male,1989-02-03,2023-08-15 12:07:12
966,male,1982-02-02,2023-08-15 12:09:09
967,male,1986-02-16,2023-08-15 12:11:39
968,male,1999-06-25,2023-08-15 12:50:21
969,male,1971-06-16,2023-08-15 13:30:25
970,male,2003-02-10,2023-08-15 13:49:20
971,male,1974-08-30,2023-08-15 13:58:25
972,female,1987-01-10,2023-08-15 14:29:06
973,female,1997-09-22,2023-08-15 14:31:10
974,female,2004-03-12,2023-08-15 15:13:58
975,female,2003-04-24,2023-08-15 15:39:09
976,male,1994-03-26,2023-08-15 15:39:14
977,female,1990-01-20,2023-08-15 15:56:22
978,male,2004-12-21,2023-08-15 17:19:26
979,male,1973-03-31,2023-08-15 17:59:38
980,male,1969-01-03,2023-08-15 18:13:44
981,female,1991-08-24,2023-08-16 07:54:59
982,male,2006-05-18,2023-08-16 07:59:16
983,female,1998-06-16,2023-08-16 08:33:15
984,male,1974-04-26,2023-08-16 08:56:37
985,female,1990-09-27,2023-08-16 08:57:12
986,male,1989-09-05,2023-08-16 09:18:38
987,male,2008-03-01,2023-08-16 09:31:05
988,female,1991-08-01,2023-08-16 10:25:57
989,male,1975-12-13,2023-08-16 11:22:00
990,male,1968-05-18,2023-08-16 11:23:59
991,male,1999-03-15,2023-08-16 11:43:02
992,male,1989-07-27,2023-08-16 11:44:49
993,male,1990-01-25,2023-08-16 11:56:12
994,female,1998-09-19,2023-08-16 12:46:35
995,female,2006-11-22,2023-08-16 12:52:39
996,male,2003-02-15,2023-08-16 13:28:39
997,female,1969-03-07,2023-08-16 13:44:51
998,male,1985-01-08,2023-08-16 13:54:57
999,female,2006-10-15,2023-08-16 14:04:29
1000,female,1970-03-18,2023-08-16 14:11:14
1001,female,1991-09-03,2023-08-16 14:18:25
1002,female,1993-01-15,2023-08-16 14:18:45
1003,male,1999-11-23,2023-08-16 14:27:57
1004,male,1971-04-09,2023-08-16 14:30:57
1005,male,1966-04-22,2023-08-16 14:42:33
1006,female,2003-02-23,2023-08-16 15:43:25
1007,female,1972-10-11,2023-08-16 16:10:43
1008,male,1978-03-20,2023-08-16 16:58:31
1009,male,1967-11-02,2023-08-16 18:27:37
1010,female,2009-04-03,2023-08-17 07:02:56
1011,female,2006-06-26,2023-08-17 07:05:15
1012,female,1975-01-25,2023-08-17 08:15:59
1013,male,1989-05-10,2023-08-17 09:16:49
1014,male,1969-10-22,2023-08-17 09:31:38
1015,female,1965-10-14,2023-08-17 09:34:50
1016,female,2000-06-27,2023-08-17 09:42:33
1017,male,1977-08-26,2023-08-17 10:06:17
1018,female,1972-11-17,2023-08-17 10:06:41
1019,male,1978-09-14,2023-08-17 10:17:08
1020,male,1983-05-21,2023-08-17 10:20:15
1021,female,2002-02-13,2023-08-17 10:25:36
1022,female,1994-07-26,2023-08-17 10:33:08
1023,female,1976-11-30,2023-08-17 10:47:23
1024,male,2001-09-18,2023-08-17 11:21:01
1025,female,1967-02-13,2023-08-17 11:27:31
1026,female,1980-01-24,2023-08-17 11:31:31
1027,male,2008-01-11,2023-08-17 11:50:40
1028,male,1985-02-07,2023-08-17 11:50:44
1029,male,1968-01-16,2023-08-17 11:54:34
1030,female,2002-06-18,2023-08-17 12:06:50
1031,male,2002-02-23,2023-08-17 12:08:52
1032,female,1981-04-04,2023-08-17 12:38:16
1033,female,1967-01-08,2023-08-17 12:47:06
1034,female,1991-04-21,2023-08-17 13:41:52
1035,female,1975-05-17,2023-08-17 13:53:11
1036,female,1974-03-11,2023-08-17 13:55:17
1037,female,2003-06-10,2023-08-17 14:27:02
1038,male,1992-10-02,2023-08-17 14:37:26
1039,female,1970-11-16,2023-08-17 14:41:29
1040,male,1992-01-11,2023-08-17 14:43:39
1041,female,1993-05-12,2023-08-17 14:55:47
1042,female,1990-12-15,2023-08-17 15:21:03
1043,male,2004-01-13,2023-08-17 15:59:44
1044,female,1992-04-03,2023-08-17 16:40:46
1045,female,1997-03-09,2023-08-18 09:24:06
1046,male,2003-10-19,2023-08-18 09:31:03
1047,male,1977-12-07,2023-08-18 09:45:49
1048,male,1971-09-15,2023-08-18 10:08:40
1049,female,1981-06-15,2023-08-18 10:11:18
1050,male,2001-01-24,2023-08-18 10:30:30
1051,male,2004-10-03,2023-08-18 10:46:44
1052,female,1988-02-15,2023-08-18 10:59:52
1053,male,2004-02-10,2023-08-18 11:01:57
1054,male,1995-08-08,2023-08-18 11:13:08
1055,female,1978-02-23,2023-08-18 11:21:52
1056,male,1971-10-19,2023-08-18 12:01:06
1057,male,1996-08-02,2023-08-18 12:01:41
1058,female,1967-03-10,2023-08-18 12:02:25
1059,female,1990-08-15,2023-08-18 12:10:11
1060,male,1996-08-04,2023-08-18 12:18:05
1061,female,1974-07-05,2023-08-18 12:22:59
1062,female,2004-11-10,2023-08-18 12:30:32
1063,male,1981-03-08,2023-08-18 12:49:00
1064,male,1998-04-01,2023-08-18 13:17:47
1065,male,1966-07-20,2023-08-18 13:29:43
1066,male,1965-08-31,2023-08-18 13:37:55
1067,male,2009-02-26,2023-08-18 14:15:12
1068,male,1965-08-11,2023-08-18 14:22:09
1069,male,2002-06-13,2023-08-18 14:51:01
1070,female,1985-06-01,2023-08-18 14:57:34
1071,male,1965-06-28,2023-08-18 15:12:46
1072,male,1987-11-28,2023-08-18 15:24:27
1073,female,1994-03-20,2023-08-18 15:28:21
1074,female,1974-03-06,2023-08-18 15:47:01
1075,male,1971-03-27,2023-08-18 16:29:19
1076,female,2002-04-17,2023-08-18 16:32:48
1077,female,1984-02-27,2023-08-18 17:05:11
1078,female,1977-08-01,2023-08-18 17:10:11
1079,male,1995-03-06,2023-08-18 17:19:40
1080,male,1978-04-10,2023-08-19 08:00:27
1081,male,1991-03-08,2023-08-19 08:06:36
1082,female,1992-05-02,2023-08-19 08:25:24
1083,female,2003-01-19,2023-08-19 09:54:18
1084,male,1973-08-27,2023-08-19 10:23:08
1085,female,1970-03-17,2023-08-19 10:34:42
1086,male,1977-12-26,2023-08-19 11:41:50
1087,male,1978-06-16,2023-08-19 11:47:46
1088,male,1993-05-22,2023-08-19 11:49:15
1089,male,2001-12-23,2023-08-19 11:50:01
1090,male,1968-07-27,2023-08-19 12:19:11
1091,female,1996-03-30,2023-08-19 12:24:23
1092,male,1981-03-06,2023-08-19 12:36:33
1093,female,1992-10-17,2023-08-19 12:36:55
1094,male,1995-10-19,2023-08-19 12:39:41
1095,female,1980-12-15,2023-08-19 12:44:41
1096,female,1999-11-25,2023-08-19 12:46:14
1097,female,2003-07-11,2023-08-19 13:12:14
1098,female,1977-03-14,2023-08-19 13:23:53
1099,female,2008-11-15,2023-08-19 13:28:04
1100,male,1966-09-17,2023-08-19 14:14:20
1101,female,1981-06-13,2023-08-19 14:24:47
1102,female,2007-12-27,2023-08-19 14:54:55
1103,female,1994-11-24,2023-08-19 15:20:05
1104,female,1972-12-27,2023-08-19 16:36:51
1105,male,1997-12-31,2023-08-19 16:45:54
1106,female,1990-07-03,2023-08-19 17:29:35
1107,female,1992-11-12,2023-08-19 17:34:47
1108,male,1977-02-03,2023-08-20 09:35:10
1109,female,1987-07-29,2023-08-20 10:04:06
1110,female,1980-09-21,2023-08-20 10:07:25
1111,female,1998-01-24,2023-08-20 10:12:51
1112,male,2001-04-03,2023-08-20 10:21:57
1113,male,1983-03-25,2023-08-20 10:23:10
1114,female,1974-09-17,2023-08-20 10:24:50
1115,male,2002-02-01,2023-08-20 10:27:06
1116,male,2008-12-19,2023-08-20 10:36:27
1117,male,1990-09-07,2023-08-20 11:01:53
1118,female,1971-09-17,2023-08-20 11:09:59
1119,male,2001-12-14,2023-08-20 11:19:12
1120,male,1974-11-19,2023-08-20 11:23:26
1121,male,1982-01-26,2023-08-20 11:29:45
1122,male,2002-07-01,2023-08-20 12:03:33
1123,female,1994-02-19,2023-08-20 12:16:53
1124,female,2003-05-03,2023-08-20 12:25:48
1125,female,1994-10-29,2023-08-20 12:27:51
1126,male,2003-08-26,2023-08-20 13:01:20
1127,male,1964-08-19,2023-08-20 13:04:05
1128,female,1979-02-23,2023-08-20 13:04:40
1129,female,1978-08-22,2023-08-20 13:05:05
1130,female,1997-05-08,2023-08-20 13:38:26
1131,female,1997-07-10,2023-08-20 13:48:23
1132,male,1968-08-27,2023-08-20 13:52:33
1133,female,1980-10-31,2023-08-20 13:56:32
1134,male,1990-03-28,2023-08-20 14:11:44
1135,male,1976-03-31,2023-08-20 14:18:35
1136,female,1999-08-14,2023-08-20 14:26:10
1137,female,1983-07-28,2023-08-20 14:28:06
1138,male,1968-11-23,2023-08-20 14:36:10
1139,male,2007-12-17,2023-08-20 14:48:42
1140,female,1970-07-26,2023-08-20 14:50:34
1141,female,1976-04-13,2023-08-20 15:11:22
1142,female,1976-11-28,2023-08-20 15:23:44
1143,female,1980-07-13,2023-08-20 15:27:29
1144,male,1964-12-04,2023-08-20 15:36:31
1145,male,1964-10-06,2023-08-20 15:48:14
1146,male,1992-01-07,2023-08-20 16:42:06
1147,male,1987-02-16,2023-08-21 08:25:59
1148,male,1999-06-15,2023-08-21 08:29:52
1149,female,1981-03-30,2023-08-21 09:17:28
1150,male,1970-06-22,2023-08-21 09:23:17
1151,female,2001-12-19,2023-08-21 09:31:03
1152,female,1985-07-29,2023-08-21 09:31:55
1153,female,1976-09-02,2023-08-21 09:37:53
1154,female,2001-07-04,2023-08-21 09:42:34
1155,female,2007-02-05,2023-08-21 10:21:21
1156,female,1999-01-30,2023-08-21 10:46:51
1157,male,1999-01-08,2023-08-21 10:56:33
1158,female,1978-04-01,2023-08-21 10:59:11
1159,female,1979-02-09,2023-08-21 11:08:57
1160,male,1980-03-23,2023-08-21 11:24:36
1161,male,1985-02-25,2023-08-21 11:32:03
1162,female,1984-11-10,2023-08-21 11:58:23
1163,female,1987-02-26,2023-08-21 11:58:56
1164,female,1994-08-02,2023-08-21 11:59:57
1165,female,1967-05-01,2023-08-21 12:05:42
1166,female,1991-11-14,2023-08-21 12:15:01
1167,male,1978-02-28,2023-08-21 12:26:00
1168,female,1992-09-06,2023-08-21 12:30:15
1169,female,1983-11-04,2023-08-21 12:44:42
1170,male,1968-01-21,2023-08-21 12:55:55
1171,male,1971-08-24,2023-08-21 13:10:46
1172,male,1974-08-10,2023-08-21 13:24:33
1173,male,1998-06-14,2023-08-21 13:25:46
1174,male,1966-03-14,2023-08-21 13:26:38
1175,female,1967-06-15,2023-08-21 13:47:32
1176,female,1990-01-29,2023-08-21 13:49:16
1177,male,1983-01-31,2023-08-21 13:56:13
1178,male,1977-11-22,2023-08-21 14:02:12
1179,male,1971-08-24,2023-08-21 14:39:14
1180,male,1972-01-23,2023-08-21 14:40:37
1181,male,1979-09-21,2023-08-21 14:43:11
1182,male,2000-10-06,2023-08-21 14:57:35
1183,female,1972-02-14,2023-08-21 15:33:50
1184,male,1981-06-17,2023-08-21 16:18:44
1185,female,1981-08-02,2023-08-21 16:27:20
1186,male,1996-06-14,2023-08-21 17:33:10
1187,female,1976-03-10,2023-08-21 19:53:06
1188,male,2005-12-12,2023-08-22 07:48:03
1189,female,1988-12-26,2023-08-22 07:55:53
1190,female,2004-10-21,2023-08-22 08:32:21
1191,male,1978-03-15,2023-08-22 09:28:35
1192,female,1975-02-25,2023-08-22 09:31:58
1193,male,1999-02-26,2023-08-22 09:36:43
1194,male,1968-10-06,2023-08-22 09:42:19
1195,female,1990-06-19,2023-08-22 09:48:31
1196,female,1985-04-16,2023-08-22 09:51:40
1197,female,1974-03-22,2023-08-22 09:52:35
1198,female,1976-01-03,2023-08-22 10:44:19
1199,female,1996-08-10,2023-08-22 11:00:10
1200,female,2002-04-21,2023-08-22 11:23:13
1201,female,1986-10-09,2023-08-22 11:39:40
1202,male,2007-12-09,2023-08-22 11:51:32
1203,female,1989-10-12,2023-08-22 11:55:18
1204,male,1994-12-16,2023-08-22 11:58:15
1205,female,1986-03-09,2023-08-22 11:59:15
1206,female,2007-08-20,2023-08-22 12:06:19
1207,male,2003-03-18,2023-08-22 12:16:53
1208,female,1979-07-10,2023-08-22 12:18:57
1209,male,2002-02-21,2023-08-22 12:46:18
1210,male,1998-05-14,2023-08-22 13:15:55
1211,male,1970-04-03,2023-08-22 13:28:56
1212,female,1985-08-31,2023-08-22 14:09:51
1213,male,1976-06-27,2023-08-22 14:19:03
1214,female,1964-09-06,2023-08-22 14:27:58
1215,male,2005-04-16,2023-08-22 14:32:02
1216,male,2006-11-25,2023-08-22 14:33:01
1217,female,2006-06-04,2023-08-22 15:14:01
1218,female,2003-08-06,2023-08-22 15:32:30
1219,male,1990-12-29,2023-08-22 15:45:38
1220,male,2002-05-04,2023-08-22 16:40:17
1221,male,2004-01-01,2023-08-23 07:03:14
1222,male,2002-12-05,2023-08-23 07:28:39
1223,male,1972-12-31,2023-08-23 07:30:49
1224,male,2005-08-12,2023-08-23 09:01:23
1225,male,2006-04-16,2023-08-23 09:08:19
1226,male,2007-03-11,2023-08-23 09:29:39
1227,female,1979-04-08,2023-08-23 09:32:07
1228,female,1984-10-20,2023-08-23 09:34:24
1229,male,1975-10-29,2023-08-23 09:35:18
1230,female,1993-09-17,2023-08-23 09:54:02
1231,male,1994-09-13,2023-08-23 10:19:29
1232,female,1998-08-25,2023-08-23 10:40:03
1233,female,2005-08-22,2023-08-23 10:45:03
1234,female,2002-02-16,2023-08-23 11:10:24
1235,female,1989-04-24,2023-08-23 11:41:34
1236,female,1993-09-29,2023-08-23 11:56:56
1237,male,2007-06-12,2023-08-23 12:09:33
1238,female,1975-12-30,2023-08-23 12:13:56
1239,female,1981-05-25,2023-08-23 12:15:46
1240,female,1993-11-13,2023-08-23 12:29:29
1241,female,1988-07-23,2023-08-23 12:32:58
1242,female,1967-11-29,2023-08-23 12:48:25
1243,male,1984-03-15,2023-08-23 12:51:20
1244,female,1991-08-03,2023-08-23 12:54:56
1245,male,2003-05-05,2023-08-23 13:07:49
1246,male,1985-05-27,2023-08-23 13:46:22
1247,female,1996-08-19,2023-08-23 14:14:21
1248,female,2004-06-28,2023-08-23 14:34:10
1249,female,2005-12-02,2023-08-23 15:08:33
1250,female,1978-10-05,2023-08-23 15:32:45
1251,male,2006-12-23,2023-08-24 08:07:52
1252,male,1969-04-30,2023-08-24 08:53:01
1253,male,1967-04-22,2023-08-24 09:34:02
1254,female,1966-01-20,2023-08-24 09:34:41
1255,female,1986-03-07,2023-08-24 10:00:38
1256,female,1982-01-10,2023-08-24 10:02:35
1257,female,1982-06-06,2023-08-24 10:06:23
1258,female,2003-01-04,2023-08-24 10:47:01
1259,male,1973-05-17,2023-08-24 10:49:52
1260,male,1973-08-02,2023-08-24 10:53:28
1261,female,1998-02-02,2023-08-24 10:54:51
1262,male,1968-08-29,2023-08-24 11:02:38
1263,female,1967-06-29,2023-08-24 11:05:44
1264,female,1996-11-30,2023-08-24 11:06:36
1265,female,1973-11-24,2023-08-24 11:07:54
1266,male,2000-08-26,2023-08-24 11:15:29
1267,female,1995-06-05,2023-08-24 11:39:09
1268,male,1979-11-26,2023-08-24 11:45:19
1269,female,1966-03-17,2023-08-24 11:49:49
1270,male,1980-08-30,2023-08-24 12:15:59
1271,male,1965-02-09,2023-08-24 12:24:35
1272,female,1975-04-06,2023-08-24 12:26:04
1273,male,1980-05-20,2023-08-24 12:27:14
1274,female,1965-06-20,2023-08-24 12:35:08
1275,female,1970-06-19,2023-08-24 12:58:48
1276,male,2004-10-12,2023-08-24 14:03:29
1277,male,1979-08-01,2023-08-24 14:26:15
1278,male,1992-05-06,2023-08-24 14:27:15
1279,female,1969-09-17,2023-08-24 14:59:31
1280,male,1965-09-12,2023-08-24 15:38:12
1281,female,2007-07-31,2023-08-24 15:54:37
1282,female,2003-06-14,2023-08-24 17:28:40
1283,female,1993-03-25,2023-08-25 08:48:44
1284,male,2001-05-02,2023-08-25 08:52:08
1285,female,1971-01-29,2023-08-25 09:03:17
1286,female,1971-07-24,2023-08-25 09:19:12
1287,female,1989-04-16,2023-08-25 09:29:28
1288,female,1969-11-07,2023-08-25 09:32:28
1289,male,2002-04-11,2023-08-25 09:51:14
1290,male,1971-10-19,2023-08-25 10:04:40
1291,female,1986-01-09,2023-08-25 10:10:02
1292,male,1997-10-07,2023-08-25 10:10:51
1293,male,1976-08-06,2023-08-25 10:17:48
1294,male,1971-03-08,2023-08-25 10:33:45
1295,female,1974-03-07,2023-08-25 10:59:20
1296,female,1992-01-24,2023-08-25 11:45:06
1297,female,1986-03-14,2023-08-25 12:24:55
1298,male,1969-07-12,2023-08-25 12:25:10
1299,male,1987-04-02,2023-08-25 12:38:40
1300,female,1986-04-09,2023-08-25 12:39:54
1301,female,2003-11-19,2023-08-25 12:59:07
1302,female,2007-12-31,2023-08-25 13:00:08
1303,male,2001-10-26,2023-08-25 13:01:25
1304,female,1970-07-13,2023-08-25 13:06:08
1305,male,1982-03-27,2023-08-25 13:11:13
1306,male,1985-08-05,2023-08-25 13:30:23
1307,male,2005-03-24,2023-08-25 13:36:11
1308,male,1980-10-24,2023-08-25 13:43:09
1309,female,1983-04-15,2023-08-25 14:38:21
1310,female,1984-08-03,2023-08-25 14:45:48
1311,male,1985-08-27,2023-08-25 15:13:22
1312,female,1974-01-28,2023-08-25 15:26:51
1313,male,1989-08-01,2023-08-25 15:29:49
1314,female,1993-05-02,2023-08-25 15:57:26
1315,male,2004-04-04,2023-08-25 16:18:47
1316,female,1979-07-30,2023-08-25 16:29:14
1317,male,1975-12-10,2023-08-25 16:29:30
1318,male,1976-06-27,2023-08-25 16:52:24
1319,female,2001-07-22,2023-08-25 17:10:21
1320,male,1975-10-11,2023-08-25 17:38:35
1321,female,2004-02-08,2023-08-25 19:41:10
1322,female,1975-01-03,2023-08-26 07:51:18
1323,female,2008-11-04,2023-08-26 08:30:17
1324,female,2005-06-08,2023-08-26 09:04:46
1325,female,1973-05-15,2023-08-26 09:24:38
1326,male,1969-02-06,2023-08-26 10:02:07
1327,male,1999-04-30,2023-08-26 10:07:21
1328,male,2000-08-31,2023-08-26 10:11:07
1329,female,1970-09-25,2023-08-26 11:17:39
1330,male,1993-06-08,2023-08-26 11:35:52
1331,male,1974-01-21,2023-08-26 11:43:35
1332,female,1979-12-15,2023-08-26 11:55:21
1333,female,1993-05-02,2023-08-26 11:55:44
1334,male,1972-03-18,2023-08-26 12:00:10
1335,female,1995-10-20,2023-08-26 12:08:44
1336,male,1999-07-30,2023-08-26 12:15:30
1337,male,1988-08-06,2023-08-26 12:21:43
1338,male,1997-09-01,2023-08-26 12:36:11
1339,male,1978-06-14,2023-08-26 12:45:18
1340,female,1977-02-01,2023-08-26 13:09:56
1341,male,1965-03-11,2023-08-26 13:39:22
1342,male,1970-09-07,2023-08-26 13:43:58
1343,female,1984-08-04,2023-08-26 13:44:08
1344,female,1996-11-19,2023-08-26 13:58:16
1345,female,2003-08-01,2023-08-26 14:49:06
1346,female,1992-10-29,2023-08-26 14:50:39
1347,male,1989-09-17,2023-08-26 14:58:00
1348,female,2006-06-12,2023-08-26 15:32:59
1349,male,2002-01-22,2023-08-26 15:36:34
1350,male,2003-05-16,2023-08-26 16:47:18
1351,male,1996-08-29,2023-08-26 17:13:54
1352,male,1976-01-03,2023-08-27 08:06:28
1353,female,1975-07-14,2023-08-27 08:59:10
1354,female,1992-08-31,2023-08-27 09:25:30
1355,male,1989-05-24,2023-08-27 09:37:41
1356,male,1980-09-26,2023-08-27 10:29:45
1357,male,1980-05-16,2023-08-27 10:35:08
1358,female,1983-06-12,2023-08-27 10:54:02
1359,male,1968-10-05,2023-08-27 11:19:50
1360,male,1996-12-04,2023-08-27 11:49:00
1361,female,2008-06-25,2023-08-27 11:54:29
1362,female,2004-10-12,2023-08-27 11:56:17
1363,male,1988-03-01,2023-08-27 12:14:00
1364,male,1988-03-10,2023-08-27 12:17:39
1365,male,1979-06-03,2023-08-27 12:26:38
1366,female,2002-01-12,2023-08-27 12:37:52
1367,male,1990-10-12,2023-08-27 12:42:01
1368,male,1979-11-03,2023-08-27 12:46:18
1369,female,1978-04-09,2023-08-27 12:52:11
1370,male,1997-06-15,2023-08-27 12:57:50
1371,male,1996-09-07,2023-08-27 13:01:46
1372,male,2001-02-10,2023-08-27 13:27:51
1373,female,1982-07-17,2023-08-27 13:56:31
1374,female,1981-12-09,2023-08-27 13:58:08
1375,male,1994-10-10,2023-08-27 14:20:09
1376,female,1968-11-27,2023-08-27 14:24:42
1377,male,1977-11-18,2023-08-27 14:39:01
1378,female,1982-12-18,2023-08-27 14:41:21
1379,female,2008-06-07,2023-08-27 15:31:39
1380,female,1976-11-13,2023-08-27 15:42:14
1381,female,1975-05-14,2023-08-27 18:07:54
1382,male,1983-08-12,2023-08-28 07:07:51
1383,male,1997-03-12,2023-08-28 07:37:37
1384,male,1998-03-03,2023-08-28 07:42:02
1385,female,1993-06-02,2023-08-28 08:35:42
1386,male,1975-04-07,2023-08-28 08:43:32
1387,male,1974-10-22,2023-08-28 08:49:21
1388,male,1986-06-11,2023-08-28 09:10:22
1389,female,1985-12-01,2023-08-28 09:15:02
1390,female,2002-07-17,2023-08-28 09:37:34
1391,male,1966-02-15,2023-08-28 09:39:47
1392,female,1976-11-30,2023-08-28 09:48:48
1393,male,1996-08-27,2023-08-28 09:59:02
1394,male,1981-12-30,2023-08-28 10:19:45
1395,female,2006-06-28,2023-08-28 10:37:13
1396,female,1987-04-17,2023-08-28 10:49:10
1397,female,1989-11-13,2023-08-28 10:50:16
1398,female,1991-05-18,2023-08-28 11:01:55
1399,female,1982-11-21,2023-08-28 11:40:39
1400,female,1993-02-02,2023-08-28 11:42:43
1401,female,1968-11-24,2023-08-28 11:52:08
1402,male,1993-09-28,2023-08-28 11:53:24
1403,male,2001-09-19,2023-08-28 12:09:32
1404,male,1984-11-04,2023-08-28 12:40:15
1405,female,1986-11-03,2023-08-28 12:54:13
1406,female,1996-07-17,2023-08-28 12:55:42
1407,female,1988-08-19,2023-08-28 13:07:06
1408,female,1997-10-29,2023-08-28 13:15:50
1409,male,1999-05-14,2023-08-28 13:31:19
1410,male,1978-06-26,2023-08-28 14:09:29
1411,male,1978-04-09,2023-08-28 14:25:12
1412,female,1982-11-22,2023-08-28 14:41:25
1413,male,1980-05-22,2023-08-28 14:52:12
1414,female,2004-01-17,2023-08-28 15:07:02
1415,female,1966-06-26,2023-08-28 15:24:45
1416,male,1966-10-25,2023-08-28 15:40:12
1417,female,2000-10-23,2023-08-28 15:42:00
1418,male,1996-12-21,2023-08-28 16:53:20
1419,male,1975-03-19,2023-08-29 09:33:58
1420,male,1972-03-01,2023-08-29 10:04:19
1421,female,1980-07-01,2023-08-29 10:31:35
1422,female,2004-10-26,2023-08-29 10:40:09
1423,male,1969-12-24,2023-08-29 10:41:54
1424,male,1997-03-24,2023-08-29 10:56:45
1425,male,2002-11-22,2023-08-29 11:40:27
1426,male,2006-03-14,2023-08-29 11:43:19
1427,male,1978-07-07,2023-08-29 11:47:27
1428,female,1979-01-21,2023-08-29 11:53:04
1429,male,1999-12-29,2023-08-29 11:53:36
1430,female,1975-03-14,2023-08-29 12:00:37
1431,male,1971-11-29,2023-08-29 12:01:05
1432,male,1965-08-31,2023-08-29 12:16:07
1433,female,1986-12-22,2023-08-29 12:16:30
1434,male,2007-10-22,2023-08-29 12:21:58
1435,male,2005-01-12,2023-08-29 13:04:06
1436,female,1965-04-17,2023-08-29 13:08:02
1437,male,1988-03-22,2023-08-29 13:09:45
1438,female,1968-05-28,2023-08-29 13:10:10
1439,male,1966-09-10,2023-08-29 13:37:45
1440,male,2007-11-14,2023-08-29 13:42:50
1441,male,1966-08-01,2023-08-29 13:54:39
1442,male,1991-10-26,2023-08-29 14:03:06
1443,male,1983-12-21,2023-08-29 14:10:12
1444,male,1978-01-25,2023-08-29 14:17:30
1445,female,2002-06-13,2023-08-29 14:24:34
1446,female,1988-12-27,2023-08-29 14:25:20
1447,female,2009-07-06,2023-08-29 14:29:28
1448,female,2004-09-14,2023-08-29 14:31:19
1449,female,2000-07-09,2023-08-29 14:32:07
1450,female,1985-12-23,2023-08-29 14:40:35
1451,female,1974-01-19,2023-08-29 15:07:50
1452,male,1988-01-26,2023-08-29 15:28:27
1453,male,1985-05-08,2023-08-29 15:36:26
1454,male,1980-07-31,2023-08-29 15:48:00
1455,male,1973-05-15,2023-08-29 16:06:43
1456,male,1987-03-08,2023-08-29 16:07:47
1457,male,2002-10-02,2023-08-29 16:45:39
1458,male,1975-05-29,2023-08-29 16:56:14
1459,female,1985-07-09,2023-08-29 16:56:39
1460,male,1965-12-15,2023-08-29 18:46:12
1461,male,1971-12-05,2023-08-30 08:41:18
1462,female,1993-03-16,2023-08-30 08:49:17
1463,female,1992-05-22,2023-08-30 09:42:21
1464,female,1976-10-04,2023-08-30 10:15:54
1465,female,2004-01-03,2023-08-30 10:22:30
1466,female,1993-09-08,2023-08-30 11:02:14
1467,male,1975-04-13,2023-08-30 11:10:28
1468,male,1986-12-25,2023-08-30 11:50:41
1469,female,2007-09-22,2023-08-30 11:51:47
1470,female,1993-03-09,2023-08-30 12:10:29
1471,male,1991-05-18,2023-08-30 12:28:36
1472,female,2005-05-25,2023-08-30 13:10:48
1473,male,1974-03-15,2023-08-30 13:14:36
1474,female,1998-06-17,2023-08-30 13:19:20
1475,male,1979-08-06,2023-08-30 13:21:46
1476,male,1999-12-23,2023-08-30 13:35:18
1477,male,1969-07-22,2023-08-30 13:37:26
1478,male,1967-09-25,2023-08-30 13:57:42
1479,male,1999-11-01,2023-08-30 13:59:47
1480,male,1970-02-17,2023-08-30 14:00:58
1481,male,1995-11-12,2023-08-30 14:08:56
1482,male,1969-11-23,2023-08-30 14:21:06
1483,male,1987-09-17,2023-08-30 14:59:28
1484,male,1991-10-13,2023-08-30 16:57:18
1485,female,1981-08-30,2023-08-30 17:37:46
1486,male,1992-11-22,2023-08-31 08:11:06
1487,female,1977-12-02,2023-08-31 09:03:02
1488,male,1981-06-07,2023-08-31 09:18:47
1489,male,1972-10-17,2023-08-31 10:17:18
1490,male,1996-04-19,2023-08-31 10:17:59
1491,female,1993-11-09,2023-08-31 10:20:56
1492,female,2007-02-02,2023-08-31 10:46:06
1493,female,1969-05-02,2023-08-31 11:02:33
1494,female,1990-09-26,2023-08-31 11:03:39
1495,female,1996-10-28,2023-08-31 11:22:26
1496,female,1964-11-13,2023-08-31 11:36:19
1497,male,2002-11-23,2023-08-31 11:46:53
1498,male,1984-07-09,2023-08-31 11:50:34
1499,female,1988-05-08,2023-08-31 11:52:58
1500,male,1969-03-06,2023-08-31 12:13:19
1501,male,1994-08-17,2023-08-31 12:24:56
1502,female,1974-01-30,2023-08-31 12:39:21
1503,male,1973-10-28,2023-08-31 12:52:04
1504,male,1985-08-19,2023-08-31 12:54:06
1505,male,1992-11-16,2023-08-31 12:59:12
1506,female,1972-05-05,2023-08-31 13:49:13
1507,male,1972-11-25,2023-08-31 13:52:56
1508,female,2003-12-25,2023-08-31 14:02:56
1509,male,1981-06-21,2023-08-31 14:03:02
1510,female,1975-08-31,2023-08-31 14:21:22
1511,female,1975-11-28,2023-08-31 14:35:24
1512,male,1995-07-24,2023-08-31 14:46:55
1513,female,1968-12-08,2023-08-31 15:34:39
1514,male,1994-01-28,2023-08-31 15:50:47
1515,male,1986-10-25,2023-08-31 15:53:06
1516,female,2003-05-21,2023-08-31 16:09:11
1517,female,1986-10-27,2023-08-31 17:36:56
1518,female,2004-10-05,2023-08-31 18:10:53
